ID,Title,Alt Title,Special Mode Title,Locations,Comments
0,None,0,0,0,0
1,None,0,0,,Son vide
2,Prelude - Rebirth,0,0,Écran titre d'A Realm Reborn,
3,Dreams Aloft,0,0,Cinématiques de Cid,Musique du launcher utilisée lors de la 1.0
4,Prelude - Discoveries,0,0,Choix et Création de personnage,
5,Behind Closed Doors,0,0,Thème des auberges,
6,Wailers and Waterwheels,0,0,Gridania (jour),
7,Dance of the Fireflies,0,0,Gridania (nuit),
8,Serenity,0,0,Forêt centrale/du nord,
9,Serenity,0,0,Lieux de repos de la Forêt de Sombrelinceul,
10,Serenity,0,0,Forêt de Sombrelinceul,
11,Serenity,0,0,Forêt du sud,
12,Serenity,0,0,Sanctuaire des Douze,
13,The Land Bends,0,0,Combat dans la Forêt de Sombrelinceul,
14,Tenacity,0,0,Mandats,
15,Slumber Disturbed,0,0,L'Hypogée de Tam-Tara,
16,The Promise of Plunder,0,0,Premiers donjons d'ARR,
17,The Dark's Embrace,0,The Dark's Kiss,Donjons ARR brutaux,
18,Victory!,0,0,Fin de la plupart des instances,
19,0,0,0,,
20,Victory!,0,0,Fin de la plupart des instances,Version sans voix de 21
21,Victory!,0,0,Fin de la plupart des instances,
22,???,0,0,Front,Musique lors de l'ouverture du portail
23,The Hero of Hatchingtide,0,0,,Version chiptune de 21 (Victory!)
24,Greenwrath,0,0,Forêt de l'est,
25,I Am the Sea,0,0,Limsa Lominsa (jour),
26,A Sailor Never Sleeps,0,0,Limsa Lominsa,
27,On Westerly Winds,0,0,Noscea Centrale/Basse-Noscea,
28,On Westerly Winds,0,0,Noscea,
29,On Westerly Winds,0,0,Noscea orientale,
30,On Westerly Winds,0,0,Noscea orientale,
31,On Westerly Winds,0,0,Lieux de repos de Noscea,
32,Currents,0,0,Noscea,
33,The Land Breathes,0,0,Combat en Noscea,
34,0,0,0,,
35,From the Depths,0,0,Sastasha,
36,Torn from the Heavens,0,0,Plusieurs endroits,
37,A Fine Death,0,0,Boss de donjons ARR,
38,Nemesis,0,0,Boss de fin de donjons ARR,
39,Pennons Aloft,0,0,Batailles de quêtes,
40,Brothers in Arms,0,0,Opérations de guilde,
41,The Maiden's Lament,0,0,Le Manoir des Haukke,
42,A Thousand Screams,0,0,Les Mille Gueules de Toto-Rak,
43,Lipflaps on Longstops,0,0,Le Bivouac de Brayflox,
44,A New Hope,0,0,Ul'dah (jour),
45,Sultana Dreaming,0,0,Ul'dah (nuit),
46,To the Sun,0,0,Thanalan occidental/central,
47,To the Sun,0,0,Thanalan,
48,To the Sun,0,0,Thanalan méridional,
49,To the Sun,0,0,Lieux de repos du Thanalan,
50,To the Sun,0,0,Thanalan,
51,Fleeting Rays,0,0,Thanalan oriental,
52,The Land Burns,0,0,Combat en Thanalan,
53,Below,0,0,Les Mines de Clochecuivre,
54,The Ludus,0,0,Halatali,
55,The Gift of Life,0,0,Lieux de repos d'ARR,
56,Calling,0,0,,
57,Discordance,0,0,Thanalan septentrional,
58,Beyond the Unknown,0,0,Cinématique (Edda),Très court
59,Slither,0,0,Extérieur des camps du Thanalan septentrional,Très court et ressemble à Discordance
60,Intertwined,0,0,Mor Dhona,
61,Bo-down,0,0,Chocobo de relais,
62,Eorzea de Chocobo,Born to Ride,0,Montures Chocobo,
63,Into the Adder's Den,0,0,Quartier général des Deux Vipères,
64,Maelstrom Command,0,0,Quartier général du Maelstrom,
65,The Hall of Flames,0,0,Quartier général des Immortels,
66,The Waking Sands,0,0,Thanalan occidental,
67,When a Tree Falls,0,0,Mandats,
68,The Tug of Fate,0,0,Certains ALÉAs,
69,To the Fore,0,0,Certains ALÉAs/Boss,
70,Whisper of the Land,0,0,Cinématiques (1.0),
71,On Windy Meadows,0,0,Cinématiques (1.0),
72,Twilight Over Thanalan,0,0,Cinématiques (1.0),
73,Dewdrops & Moonbeams,0,0,Chaire du Lotus (Kan-E-Senna),
74,The Sands' Secrets,0,0,Alliance Éorzéenne (Raubahn),
75,Ripples in the Sea,0,0,Alliance Éorzéenne (Merlwyb),
76,Imperial Will,0,0,Cinématiques (Empire),
77,Defender of the Realm,0,0,Cinématiques (Héroiques),
78,Fracture,0,0,Cinématiques (Suspense),
79,One Blood,0,0,Cinématiques (Tension),
80,Conundrum,0,0,Cinématiques (Mystère/Hildibrand),
81,Prelude - Rebirth,0,0,Cinématiques,Remix avec une harpe légèrement différente
82,Return of the Hero,0,0,Cinématiques (Résolution),
83,Kiss of Chaos,0,0,Cinématiques (Tension),
84,Forever Lost,0,0,Cinématiques (Tristes),
85,Machinations,0,0,Antre des loups / Lieux de repos du Thanalan septentrional,
86,The Only Path,0,0,Cinématiques (Positives),
87,Daring Dalliances,0,0,Cinématiques (Positives),
88,Bliss,0,0,Cinématiques (Comédie),
89,A World Apart,0,0,Cinématiques (Héroique),
90,Relics,0,0,Cinématiques (princip. Quêtes de job),
91,Breaking Boundaries,0,0,Batailles de quêtes de job,
92,The Echo,0,0,Cinématiques,
93,Tranquility,0,0,Cinématiques (Résolution),
94,Without Shadow,0,0,Cinématiques (Asciens),
95,The Seventh Sun / Dawn of a New Era,0,0,Cinématiques,"Ouvre avec The Seventh Sun, puis passe à Dawn of a New Era"
96,Sacred Bonds,0,0,Cinématiques (Tristes),
97,Canticle,0,0,Cinématiques (Exposition),
98,Where the Heart Is,0,0,Cinématiques (Résolution),Musique de la 1.0
99,Dreams Aloft,0,0,Cinématiques (Résolution),
100,Supply & Demand,0,0,Cinématiques (Comédie),Musique de la 1.0
101,By Design,0,0,Cinématiques (Comédie),Musique de la 1.0
102,Decisions,0,0,"Cinématiques (Mystère), Fête des demoiselles",Musique de la 1.0
103,Agent of Inquiry,0,0,Thème d'Hildibrand,
104,0,0,0,,
105,Nature's Bounty,0,0,"Cinématiques, Lien éternel",Musique de la 1.0
106,Falling Shards,0,0,"Divers, Lien éternel",Version de Prelude uniquement jouée à la harpe
107,Pennons Aloft,0,0,"Batailles de quêtes, combat contre Fenrir",Musique de la 1.0
108,Battle Theme 1.x,0,0,ALÉAs Hildibrand/Salle des Novices/Rangs B,
109,0,0,0,,
110,Salt Swept,0,0,Port-aux-Ales/Chantier naval de Moraby,
111,???,0,0,,"Nécessite un lieu et un nom, ancienne version inutilisée de A Reason To Live"
112,My Soul to Keep,0,0,Le Manoir des Haukke/L'Hypogée de Tam-Tara (brutal),
113,From Fear to Fortitude,0,0,Batailles de quêtes,
114,Damnation,0,0,L'Hypogée de Tam-Tara,
115,Hard to Miss,0,0,ALÉAs défis,
116,A Fell Air Falleth,0,0,Donjons ultérieurs d'ARR,
117,Skullduggery,0,0,Batailles de quêtes/Le Temple enseveli de Qarn (brutal),
118,Another Round,0,0,Bars et tavernes,
119,Ruby Sunrise,0,0,Costa del Sol,
120,Primal Judgement,0,0,Le Cratère des tisons,
121,The Rider's Boon,0,0,Montures d'ARR,
122,Cracks in the Wall,0,0,Le Château d'Amdapor,
123,A Tonberry's Tears,0,0,Le Palais du Vagabond,
124,Echoes of Ages Past,0,0,Le Temple enseveli de Qarn,
125,Abomination,0,0,Le Gouffre hurlant,
126,Cold Salvation,0,0,Le Vigile de Pierre,
127,The Darkhold,0,0,La Forteresse de Dzemael,
128,Miser's Folly,0,0,Le Val d'Aurum,
129,Engage,0,0,L'Entreprise,
130,Fever Dream,0,0,Cinématiques (Tension),Extrait d'une musique plus longue de la version 1.0
131,Serving the Light,0,0,Guerrier de la Lumière,
132,Answers,0,0,Crédits d'ARR,
133,Opening Theme,0,0,Crédits spéciaux d'ARR/joueurs de la 1.0 ,Fin de la version 1.0
134,A Curious Breed of Botherment,0,0,Forêt de l'est (Sylphes),
135,Flightless Wings,0,0,Forêt du nord (Ixali),
136,"Quick as Silver, Hard as Stone",0,0,Noscea extérieure (Kobolds),
137,Battle Drums,0,0,Noscea occidentale (Sahuagins),Musique de la 1.0
138,Pitfire,0,0,Thanalan méridional (Amal'jaa),Musique de la 1.0
139,0,0,0,,
140,0,0,0,,
141,Fealty,0,0,Hautes terres du Coerthas central,
142,The Dragon's Dirge,0,0,Hautes terres du Coerthas central (L'Arête Blanche),
143,Undying Faith,0,0,Hautes terres du Coerthas central (Observatoire),
144,The Land Breaks,0,0,Combat dans les Hautes terres du Coerthas central,
145,The Land Bleeds,0,0,Combat au Mor Dhona,
146,Primal Timbre,0,Spiral,Le Labyrinthe de Bahamut,
147,Calamity Unbound,0,0,Boss du Labyrinthe de Bahamut,
148,The Emperor's Wont,0,0,Castrums impériaux,
149,Penitus,0,0,Le Praetorium,
150,Ultima,0,0,Phase 2 de l'Ultima Arma,
151,Steel Reason,0,0,Cap Vendouest/Boss garlemaldais,
152,Bite of the Black Wolf,0,0,Thème de Gaius van Baelsar,Version instrumentale de Rise of the White Raven (199) 
153,The Corpse Hall,0,0,ALÉA d'Odin,
154,Thunderer,0,0,ALÉAs spéciaux,
155,Fallen Angel,0,0,Hurlœil,
156,Under the Weight,0,0,Le Nombril (Titan) phase 5,
157,Weight of a Whisper,0,0,Le Nombril (Titan) phase 1,
158,Weight of His Will,0,0,Le Nombril (Titan) phase 2,
159,Weight of the World,0,0,Le Nombril (Titan) phase 3,
160,Heartless,0,0,Le Nombril (Titan) phase 4,
161,Flight,0,0,Évasion d'Ultima,
162,The Maker's Ruin,0,0,Ultima Arma phase 1,
163,Blinded by Light,0,0,ALÉAs crossover FFXIII,Directement de FFXIII
164,Saber's Edge,0,0,ALÉAs crossover FFXIII,Directement de FFXIII
165,Torn from the Heavens,0,0,ALÉAs spéciaux des zones d'ARR / Défis des reliques d'ARR,Musique de la 1.0
166,Ruby Moonrise,0,0,Évènements à Costa del Sol,"Version rapide de la musique de ""Costa Del Sol"""
167,Serenity,0,0,Forêt de Sombrelinceul,
168,On Westerly Winds,0,0,Noscea,
169,To the Sun,0,0,Thanalan,
170,Crystal Rain,0,0,Mor Dhona,
171,To the Fore,0,0,Boss de donjons Heavensward,Le nom de fichier semble suggérer que cela provient d'un ALÉA
172,The Rider's Boon,0,0,Montures standard d'ARR,Aussi la musique du Goobbue de la version 1.0
173,Thunderer,0,0,Combat contre les Asciens/Twintania,
174,All Saints' Wake,0,0,Zones d'évènement saisonnier,
175,Starlight Celebration,0,0,Zones d'évènement saisonnier,
176,Heavensturn,0,0,Zones d'évènement saisonnier,
177,Reign of Pain,0,0,Thème de Shantotto (événement FFXI),
178,The Seven Jesters,0,0,La Lisière de ronces phase 1,
179,Good King Moggle Mog XII,0,0,La Lisière de ronces phase 2,
180,Hubris,0,Ever Upwards,Dédale antique,
181,Tumbling Down,0,0,Boss du Dédale antique,
182,Agent of Inquiry,0,0,Thème des épisodes Hildibrand,
183,Frontiers Within,0,0,Glas des revenants (jour),
184,Reflections,0,0,Glas des revenants (nuit),
185,A Light in the Storm,0,0,Le Phare de Sirius,
186,Where the Heart Is,0,0,"Brumée, Lavandière, La Coupe (jour)",
187,Where the Hearth Is,0,0,"Brumée, Lavandière, La Coupe (nuit)",
188,Flibbertigibbet,0,0,Forêt de l'est (tribu des Sylphes),
189,Smoulder,0,0,Thanalan méridional (tribu Amalj'aa),
190,Discordance,0,0,Cinématiques (Mystère),"Cette musique se répète en boucle. Cf. ID 57, Discordance."
191,Starlight and Sellswords,0,0,Esthéticien,Musique de la 1.0
192,Battle Theme 1.x,0,0,ALÉAs Hildibrand/Salle des Novices/Rangs B,
193,Big-Boned,0,0,Thème du Gros Chocobo,
194,Gluppity-Schlopp,0,0,Noscea extérieure (tribu Kobold),
195,Breathless,0,0,Noscea occidentale (tribu Sahuagins),
196,Pa-Paya,0,0,Zones d'évènement saisonnier (Chasse aux Prœufs),
197,The Scars of Battle,0,0,Les Vestiges de la cité d'Amdapor,
198,Tempest,0,0,Les Méandres de Bahamut IV (Nael deus Darnus) phase 1,
199,Rise of the White Raven,0,0,Les Méandres de Bahamut IV (Nael deus Darnus) phase 2,
200,Good King Moggle Mog XII,0,0,La Lisière de ronces (Roi Moggle Mog XII) phase 2,
201,Battle on the Big Bridge,0,0,Affrontement sur le grand pont (Gilgamesh),
202,Blades,0,Spiral,Méandres/Abîme de Bahamut (ennemis),
203,Wreck to the Seaman,0,0,Le Briseur de marées (Léviathan) phase 1,
204,Through The Maelstrom,0,0,Le Briseur de marées (Léviathan) phase 2,
205,Meteor,0,0,Cinématiques (Nael),
206,Persistence,0,0,Boss intermédiaires de donjons ARR,
207,Wrath of the Eikons,0,0,Boss final des Vestiges de la cité d'Amdapor / Boss final de Dun Scaith (Diabolos / Diabolos nihil),
208,Fury,0,0,Boss du Bivouac de Brayflox (brutal),Musique de la 1.0
209,Beneath Bloodied Banners,0,0,Boss de fin de donjons ARR brutaux,
210,Birds of a Feather,0,0,Halatali (brutal),Musique de la 1.0
211,Thicker Than a Knife's Blade,0,0,"Cinématiques diverses, L'Assise (Le Chevalier oublié)",
212,Now I Know the Truth,0,0,Thème de Unei et Doga,
213,???,0,0,Zones d'évènement saisonnier,"Musique du Nouvel an lunaire, nom inconnu"
214,Moonfire Faire,0,0,Les Feux de la Mort,
215,Far from Home,0,0,Thème des Ixali,
216,Horizons Calling,0,0,L'Île de Crèvecarène,
217,Dark Vows,0,0,L'Hypogée de Tam-tara,
218,Out of the Labyrinth,0,Shattered,Tour de Syrcus,
219,The War Room,0,0,Front,Musique d'attente au portail
220,Rouse Out!,0,Blood for Blood,Front,
221,Thunder Rolls,0,0,L'Arbre du jugement (Ramuh),
222,Game Theory,0,0,Puzzles/Mini-jeux,
223,Loss of Time,0,0,Cinématiques (Tour de Cristal),
224,Or the Egg,0,0,Montage d'entraînement des Chocobos,
225,His Holiness,The Dragon's Dirge,0,Cinématiques (Thordan),
226,Answers - Reprise,0,0,Ul'dah (Fête de la Commémoration),
227,The Corpse Hall,0,0,La Fontaine d'Urth,
228,Everbinding Oath,0,0,Cérémonie du lien éternel,
229,The Edge,0,0,Entrepôt du quai (quêtes de job Ninja),
230,Footsteps in the Snow,0,0,"L'Amphithéâtre d'Akh Afah (Shiva) phase 1, Les Accords d'Éden - Éclat (sauvage) (Shiva) phase 1",
231,Oblivion,0,0,L'Amphithéâtre d'Akh Afah (Shiva) phase 2,
232,The Decisive Battle,0,0,Le Col du dragon,Directement de FFVI
233,The Warrens,0,0,Manteneige,
234,Forgotten by the Sun,0,0,Le Temple enseveli de Qarn (brutal),
235,Riptide,0,0,Sastasha (brutal),
236,From the Ashes,0,0,L'Abîme de Bahamut III (Phénix),
237,Answers,0,0,L'Abîme de Bahamut IV (Primo-Bahamut),Section harpe / voix
238,Answers,0,0,L'Abîme de Bahamut IV (Primo-Bahamut),Section ensemble / voix
239,The Coil Tightens,0,0,Cinématiques (Le Labyrinthe de Bahamut I),
240,Answers,0,0,L'Abîme de Bahamut IV (Primo-Bahamut),Section des chœurs
241,Eternal Wind,0,0,Cinématiques (Tour de Cristal),
242,Battle on the Big Bridge,0,0,Revanche au vieux château phase 1,Directement de FFV
243,Silver Tears,0,0,Le Gardien du lac,
244,Primogenitor,0,0,"Boss final du Gardien du lac (Midgardsormr), Alphastice v2.0 (Midgardsormr)",Thème principal de Midgardsormr
245,Tricksome,0,0,Le Palais du Vagabond (brutal),
246,Aftermath,0,0,Le Château d'Amdapor (brutal),
247,Blind to the Dark,0,Hamartomania,Monde des Ténèbres,
248,Tumbling Down,0,0,Monde des Ténèbres (estomac du Cerbère),Version étouffée
249,Hunger / The Reach of Darkness,0,0,Monde des Ténèbres,Hunger puis passe à The Reach of Darkness
250,Four-Sided Circle,0,0,Gold Saucer des Manderville,
251,Gateway to Paradise,0,0,Course de chocobos 1,
252,Sport of Kings,0,0,Course de chocobos 2,
253,Shuffle or Boogie,0,0,Triple Triade,Directement de FFVIII
254,Faith in Her Fury,0,0,L'Avancée de la Foi,
255,Unworthy,0,0,Thème de la porte finale de l'Avancée de la Foi,
256,The Tug of Fate,0,0,Boss du Palais du Vagabond (brutal),Musique de Défense des hameaux en 1.0
257,To the Fore,0,0,Boss final du Palais du Vagabond (brutal),
258,Chocobo Victory 1,0,0,Course de chocobos,
259,Chocobo Victory 2,0,0,Course de chocobos,
260,Chocobo Victory 3,0,0,Course de chocobos,
261,Drum Roll,0,0,Course de chocobos,
262,Magiteknical Difficulties,0,0,Monture Armure Magitek,"Remix de ""Terra's Theme"" (FFVI)"
263,The Corpse Hall,0,0,Monture Sleipnir,
264,Oblivion,0,0,Monture de l'Amphithéâtre d'Akh Afah (extrême) (Shiva),
265,Thunder Rolls,0,0,Monture de l'Arbre du jugement (extrême) (Ramuh),
266,Through The Maelstorm,0,0,Monture du Briseur de marées (extrême) (Léviathan),
267,Under the Weight,0,0,Monture du Nombril (extrême) (Titan),
268,Fallen Angel,0,0,Monture de Hurlœil (extrême) (Garuda),
269,Primal Judgement,0,0,Monture du Cratère des tisons (extrême) (Ifrit) mount,
270,Null BGM,0,0,,Son vide
271,A Cold Wind,0,0,Écran titre de Heavensward,
272,Dragonsong,0,0,Crédits de Heavensward,
273,Shelter,0,0,Lieux de repos d'Heavensward,
274,Safety In Numbers,0,0,Lieux de repos d'Heavensward 2,
275,Nobility Obliges,0,0,Les Contreforts (jour),
276,Nobility Sleeps,0,0,Les Contreforts (nuit),
277,Solid,0,0,L'Assise (jour),
278,Night in the Brume,0,0,L'Assise (nuit),
279,Against the Wind,0,0,Hautes terres du Coerthas occidental (jour),
280,Black and White,0,0,Hautes terres du Coerthas occidental (nuit),
281,Melt,0,0,Combat en Hautes terres du Coerthas occidental,Tous les 'Melt' sont la même musique
282,Painted Foothills,0,0,Avant-pays dravanien (jour),
283,Painted Skies,0,0,Avant-pays dravanien (nuit),
284,Melt,0,0,Combat en Avant-pays dravanien,Tous les 'Melt' sont la même musique
285,Missing Pages,0,0,Arrière-pays dravanien (jour),
286,The Silent Regard of Stars,0,0,Arrière-pays dravanien (nuit),
287,Melt,0,0,Combat en Arrière-pays dravanien,Tous les 'Melt' sont la même musique
288,Landlords,0,0,L'Écume des cieux de Dravania (jour),
289,Skylords,0,0,L'Écume des cieux de Dravania (nuit),
290,Melt,0,0,Combat dans l'Écume des cieux de Dravania,Tous les 'Melt' sont la même musique
291,Lost in the Clouds,0,0,L'Écume des cieux d'Abalathia (jour),
292,Close to the Heavens,0,0,L'Écume des cieux d'Abalathia (nuit),
293,Melt,0,0,Combat dans l'Écume des cieux d'Abalathia,Tous les 'Melt' sont la même musique
294,Order Yet Undeciphered,0,0,Azys Lla,
295,Melt,0,0,Combat à Azys Lla,Tous les 'Melt' sont la même musique
296,Paradise Found,0,0,Idyllée (jour),
297,Homestead,0,0,Idyllée (nuit),
298,The Mushroomery,0,0,Caverne de Matoya,
299,Descent,0,0,Le Vigile du Crépuscule,
300,Like a Summer Rain,0,0,Nalloncques,
301,Slumber Eternal,0,0,Sohm Al,
302,Roar of the Wyrm,0,0,L'Aire,
303,Ink Long Dry,0,0,La Grande bibliothèque de Gubal,
304,Imagination,0,0,Le Laboratoire de magismologie,
305,Hallowed Halls,0,0,La Voûte,
306,Hallowed Halls,0,0,La Voûte,Légèrement étouffé
307,Hallowed Halls,0,0,La Voûte,Légèrement plus étouffé
308,Unbreakable,0,0,Le Continuum fractal ,
309,Ominous Prognisticks,0,0,Boss de donjons Heavensward,
310,The Hand That Gives The Rose,0,0,Thok ast Thok (Ravana) phase 1,
311,Limitless Blue,0,0,L'Immensité bleue (Bismarck) phase 1,
312,Heroes,0,0,"Le Réacteur de Singularité, Le règne de Thordan phase 2",
313,Contention,0,0,"Cinématiques de Heavensward, L'Écume des cieux de Dravania (Zénith)",
314,Misconception,0,0,Cinématiques de Heavensward,
315,The Heavens' Ward,0,0,Boss final de la Voûte (Sire Charibert),
316,Stone and Steel,0,0,Cinématiques de Heavensward (Héroique),
317,For the Sky,0,0,Cinématiques de Heavensward,
318,Inception,0,0,Cinématiques de Heavensward,
319,Borderless,0,0,Musique par défaut des montures volantes,
320,The Dragon's Dirge,0,0,Cinématiques de Heavensward,Cette version est en boucle
321,Ultima,0,0,"ALÉA contre Proto-Ultima, Combat contre Proto-Ultima (Dun Scaith)",
322,What is Love?,0,0,L'Écume des cieux de Dravania (Mogs),
323,"Sins of the Father, Sins of the Son",0,0,Alexander (ennemis),
324,Locus,0,0,Alexander (boss),
325,Unbending Steel,0,0,Thok ast Thok phase 2,
326,Woe That Is Madness,0,0,L'Immensité bleue phase 2,
327,Metal,0,Metal,Alexander - Le Poing du Père,"Instrumentale, les voix commencent lorsque le combat débute"
328,When a Tree Falls,0,0,Atelier de CL/Mandats,Musique de la 1.0
329,Toll of the Bells,0,0,La Voûte,Semble être les cloches jouant dans la Voûte selon le nom de fichier
330,All Saint's Wake,0,0,Monture Balai De Sorcière,
331,Steel Reason,0,0,Montures Armure Magitek De Nero/Armure Magitek De Livia,
332,Battle Theme,0,0,Rhapsodies de Vana'diel (FFXI),
333,Battle Theme #2,0,0,Rhapsodies de Vana'diel (FFXI),
334,Recollection,0,0,Rhapsodies de Vana'diel (FFXI),
335,The Kingdom of San d'Oria,0,0,Rhapsodies de Vana'diel (FFXI),
336,The Republic of Bastok,0,0,Rhapsodies de Vana'diel (FFXI),
337,The Federation of Windurst,0,0,Rhapsodies de Vana'diel (FFXI),
338,The Merry Wanderer Waltz,0,0,,"Identique à 399, mais le nom du fichier semble indiquer que c'est une musique Hildibrand"
339,Heavy Rain,0,0,L'Écume des cieux d'Abalathia (Vanu Vanu hostiles),
340,Coming Home,0,0,L'Écume des cieux d'Abalathia (tribu Vanu Vanu),
341,Heroes Never Die,0,0,Le règne de Thordan phase 1,
342,Engage,0,0,Le Diadème,
343,Jewel,0,0,Combat au Diadème,
344,Torn from The Heavens,0,0,Combat contre un monstre célèbre au Diadème,"La boucle se fait au même point que 36, mais c'est une musique différente"
345,Poison Ivy,0,0,L'Arboretum Sainte-Mocianne,
346,Upon the Rocks,0,0,Le Phare de Sirius (brutal),
347,Aetherpause,Aetherosphere,"In Darkness, There Is One",L'Arche du néant,
348,Voidal Manifest,Six Fulms Under,0,"Boss finaux de l'Arche du néant (Echidna), La Cité défendue de Mhach (Calofisteri)",
349,???,0,0,Choc des mascottes,A besoin d'un nom
350,Brothers in Arms,0,0,Choc des mascottes,Fichier spécifique au CdM
351,Nemesis,0,0,Choc des mascottes,Fichier spécifique au CdM
352,The Dark's Kiss,0,0,Choc des mascottes,Fichier spécifique au CdM
353,Aftermath,0,0,Choc des mascottes,Fichier spécifique au CdM
354,The Corpse Hall,0,0,Choc des mascottes,Fichier spécifique au CdM
355,Battle on the Big Bridge,0,0,Choc des mascottes,Fichier spécifique au CdM
356,Spiral,0,0,Choc des mascottes,Fichier spécifique au CdM
357,Calamity Unbound,0,0,Choc des mascottes,Fichier spécifique au CdM
358,Prelude - Rebirth (2nd ver),0,0,Kirin,Piste 81 jouée sur Kirin
359,The Kiss,0,0,La Valention,
360,test,0,0,,Possiblement un fichier audio de test
361,Down the Up Staircase,0,0,L'Antitour,
362,Dancing Calcabrina,0,0,L'Antitour,
363,"No Sound, No Scutter",0,0,Avant-pays dravanien (Vathes hostiles),
364,Piece of Mind,0,0,Avant-pays dravanien (tribu Vathe),
365,Battle to the Death - Heavensward,0,0,Unité de contention S1P7 (Sephirot) / Unité de contention P1T6 (Sophia) / Unité de contention Z1T9 (Zurvan) phase 1,
366,Fiend,0,0,Unité de contention S1T7 (Sephirot) phase 2,
367,Starved,0,Dangertek,The Feast,"Transitionne vers ""Dangertek"" pendant la ""Phase de carnage"""
368,The Ancient City,0,0,Les Vestiges de la cité d'Amdapor (brutal),
369,Metal - Brute Justice Mode,0,0,Alexander - Le Fardeau du Fils (Justicier) phase 2,
370,test,0,0,,Possiblement un fichier audio de test
371,Woe That is Madness,0,0,Monture de l'Immensité bleue (extrême) (Bismarck) / Faucon Des Brumes,
372,Unbending Steel,0,0,Monture de Thok ast Thok (êxtreme) (Ravana) / Faucon Des Lames,
373,Heroes,0,0,Monture du règne de Thordan (Thordan) / Faucon De La Table Ronde,
374,Battle to the Death - Heavensward,0,0,Monture de l'Unité de contention S1T7 (extrême) (Sephirot) / Faucon Séphirotique,
375,Tenacity,0,0,Opérations de guilde,
376,From the Ashes,0,0,Monture Bénou,
377,Faith in Her Fury,0,0,Cinématiques de Heavensward,Version courte/démarrage rapide
378,Stone and Steel,0,0,Cinématiques de Heavensward,Version courte/démarrage rapide
379,Primogenitor,0,0,Cinématiques de Heavensward,Version courte/démarrage rapide
380,Hyper Rainbow Z,0,0,Thème Bomboforce,Joue occasionellement dans le PdM
381,Freedom,0,0,Le Paddock,Musique de Noscea de la 1.0
382,Dragonsong,0,0,La Dernière avancée de la Foi (Nidhogg) / L'ire de Nidhogg phase 1,
383,Freefall,0,0,La Dernière avancée de la Foi (Nidhogg) / L'ire de Nidhogg phase 2,
384,Revenge of the Horde,0,0,La Dernière avancée de la Foi (Nidhogg) / L'ire de Nidhogg phase 3,
385,He Who Continues the Attack,0,0,Thème de Regula van Hydrus,
386,Apologies,0,0,Sohr Khai,
387,Holy Consult,0,0,L'Île de Crèvecarène (brutal),Musique de la 1.0
388,Bathed in Woodsin,0,0,,Musique de la 1.0
389,Emerald Labyrinth,0,0,Palais des morts,Musique de la 1.0
390,Enraptured,0,0,Palais des morts,Musique de la 1.0
391,Tears for Mor Dhona,0,0,Palais des morts,Musique de la 1.0
392,Blackbosom,0,0,Boss de l'étage 50 du PdM/Thème d'Edda Cœur-noir,
393,Teardrops in the Rain,0,Torrent,La Cité défendue de Mhach,
394,A Thousand Faces,0,0,La Cité défendue de Mhach (phase d'Ozma avec les ennemis),
395,Freefall,0,0,Monture de l'ire de Nidhogg / Faucon Des Ombres,
396,Good King Moggle Mog XII,0,0,Monture Gros Mog,
397,Locus,0,0,Monture Gobblindé,
398,Night in the Brume,0,0,Cinématiques de Heavensward,Variante de 278
399,The Merry Wanderer Waltz,0,0,Thème de transition entre les étages du Palais des morts,
400,Fragments of Forever,0,0,Thème d'Alisaie,Musique de la 1.0
401,Notice of Death,0,0,Cinématiques du Palais des morts avant l'étage 100,
402,Equilibrium,0,0,Unité de contention P1T6 (Sophia) phase 2,
403,The Gauntlet,0,0,Combat singulier (JcJ) / Canaux perdus d'Uznair / Palais des morts,
404,Ultima,0,0,Dun Scaith (Proto-Ultima),Démarrage rapide
405,Grounded,0,0,Xelphatol,
406,Revenge Twofold,0,0,Boss de donjons Heavensward 2,
407,Bibliophobia,0,0,La Grande bibliothèque de Gubal (brutal),
408,Up at Dawn,0,0,Manoir hanté (La Veillée des saints),
409,Fog of Phantom,0,0,Palais des morts (étages 91-100),
410,Blasphemous Experiment,0,0,Combat du boss final du Palais des morts (étage 100),
411,Exponential Entropy,0,0,Alexander - Le Cœur du Créateur (Croiseur-chasseur),
412,Mobius,0,0,Alexander - L'Âme du Créateur (Primo-Alexander) phase 1,
413,Rise,0,Stasis Loop,Alexander - L'Âme du Créateur (Primo-Alexander) phase 2,"""Stasis Loop"" est sur un autre chanel, qui est utilisé pendant la mécanique de réécriture du passé"
414,Out of Time,0,0,Alexander - L'Âme du Créateur (Primo-Alexander) à l'intérieur du champ atemporel,Exponential Entropy en version étouffée et lente
415,Equilibrium,0,0,Monture de l'Unité de contention P1T6 (Sophia) / Faucon Sophique,
416,Mobius,0,0,Monture d'Alexander - L'Âme du Créateur (sadique) mount / Messager D'Arrhabée,
417,Infinity,0,0,Unité de contention Z1T9 (Zurvan) phase 3,
418,test,0,0,,Possiblement un fichier audio de test
419,Penultimania,0,0,Unité de contention Z1T9 (Zurvan) phase 2,
420,Another Brick,0,0,La Muraille de Baelsar,
421,Quicksand,0,0,Sohm Al (brutal),
422,Promises,0,0,Mortalis nihil (Dun Scaith),
423,Shadow of the Body,0,0,Dun Scaith,
424,Infinity,0,0,Monture de l'Unité de contention Z1T9 (extrême) (Zurvan) / Faucon Zurvanique,
425,Prelude - Discoveries,0,0,Monture Hôô,Piste 3 jouée sur Hôô
426,Answers - Reprise,0,0,Ul'dah (Fête de la Commémoration),
427,Null BGM,0,0,,Son vide
428,Prelude - Long March Home,0,0,Écran titre de Stormblood,
429,Revolutions / A Father's Pride / The Measure of Our Reach,0,0,Crédits de Stormblood,"Extrait de ""Revolutions"" enchaînant sur ""A Father's Pride"" et ""The Measure of Our Reach"""
430,Harmony,0,0,Lieux de repos de Stormblood,
431,With Giants Watching,0,0,Lieux de repos de Stormblood,
432,Cradle,0,0,Lieux de repos de Stormblood,
433,Impact,0,0,L'Étendue de Rhalgr,
434,Afterglow,0,0,L'Étendue de Rhalgr,
435,Looping in the Deepest Fringes,0,0,Combat en Gyr Abania,"Tous les ""Looping in the Deepest Fringes"" sont la même musique"
436,Crimson Sunrise,0,0,Kugane (jour),
437,Crimson Sunset,0,0,Kugane (nuit),
438,Looping in the Deepest Fringes,0,0,Combat en Othard,"Tous les ""Looping in the Deepest Fringes"" sont la même musique"
439,Beyond The Wall,0,0,Les Marges (jour),
440,Hope Forgotten,0,0,Les Marges (nuit),
441,Looping in the Deepest Fringes,0,0,Combat dans Les Marges,"Tous les ""Looping in the Deepest Fringes"" sont la même musique"
442,On High,0,0,Les Pics (jour),
443,The Stone Remembers,0,0,Les Pics (nuit),
444,Looping in the Deepest Fringes,0,0,Combat dans Les Pics,"Tous les ""Looping in the Deepest Fringes"" sont la même musique"
445,Songs of Salt and Suffering,0,0,Les Lacs (jour),
446,Old Wounds,0,0,Les Lacs (nuit),
447,Looping in the Deepest Fringes,0,0,Combat dans Les Lacs,"Tous les ""Looping in the Deepest Fringes"" sont la même musique"
448,Liquid Flame,0,0,Mer de Rubis (jour),
449,Westward Tide,0,0,Mer de Rubis (nuit),
450,Looping in the Deepest Fringes,0,0,Combat en Othard,"Tous les ""Looping in the Deepest Fringes"" sont la même musique"
451,A Father's Pride,0,0,Yanxia (jour),
452,A Mother's Pride,0,0,Yanxia (nuit),
453,Looping in the Deepest Fringes,0,0,Combat à Yanxia,"Tous les ""Looping in the Deepest Fringes"" sont la même musique"
454,Drowning in the Horizon,0,0,Steppe d'Azim (jour),
455,He Rises Above,0,0,Steppe d'Azim (nuit),
456,Looping in the Deepest Fringes,0,0,Combat dans la Steppe d'Azim ,"Tous les ""Looping in the Deepest Fringes"" sont la même musique"
457,Revolutions,0,0,Cinématiques de Stormblood,"Instrumentale, intro raccourcie"
458,Revolutions,0,0,Cinématiques de Stormblood,"Instrumentale, commence directement après l'intro"
459,Heroes of Stormblood,0,0,Cinématiques de Stormblood,
460,The Measure of Our Reach,0,0,Cinématiques de Stormblood,
461,The Measure of His Reach,0,0,Cinématiques de Stormblood,Instrumentale
462,test,0,0,,Possiblement un fichier audio de test
463,Revolutions,0,0,Cinématiques de Stormblood,"Instrumentale, commence directement vers le milieu de la musique"
464,Cyan's Theme,0,0,"Cinématiques de Stormblood, Quartier enclavé de Doma","Arrangement de ""Cyan's Theme"" (FFVI)"
465,Far East of Eorzea,0,0,Cinématiques de Stormblood,
466,Revelation,0,0,La Crique aux tributs (Susano) phase 1,
467,Beauty's Wicked Wiles,0,0,Émanation (Lakshmi),
468,The Worm's Head,Scale and Steel,0,La Ménagerie royale (Shinryu) phase 1,
469,The Worm's Tail,0,0,La Ménagerie royale (Shinryu) phase 2,
470,Triumph,0,0,Boss de donjons Stormblood,
471,Dawnbound,0,0,La Mer du Chant des sirènes,
472,The Open Box,0,0,Le Palais aux Marées violettes,
473,Most Unworthy,0,0,La Force de Bardam,
474,Gates of the Moon,0,0,Le Château de Doma,
475,Alienus,0,0,Castrum Abania,
476,Liberty or Death,0,0,Ala Mhigo,
477,Their Deadly Mission,0,0,Le Temple du Poing,
478,Deception,0,0,Le Château de Kugane,
479,Deltascape,0,0,Fissure interdimensionnelle,
480,Omega^2,0,0,Combat dans le Deltastice,
481,Decisions,0,0,Deltastice v4.0 (Exdeath),"Remix de ""The Decisive Battle"" (FFV)"
482,"Final, Not Final",0,0,Deltastice v4.0 (sadique) (Néo-Exdeath),"Remix de ""The Last Battle"" (FFV)"
483,Wing and a Prayer,0,0,Faucon de relais,
484,Wing and a Prayer,0,0,"Cinématiques de Stormblood, Quêtes du Quartier enclavé de Doma",
485,Revolutions,0,0,Cinématiques de Stormblood,"Instrumentale, commence vers le milieu de la musique"
486,Prelude - Long March Home,0,0,Écran titre de Stormblood,Démarrage rapide - commence à 19 secondes
487,Prelude - Long March Home / Measure of His Reach,0,0,Cinématiques de Stormblood,"Version de 428 différente avec plus de cordes de ""Prelude"", transitionne vers ""The Measure of His Reach"""
488,Shell-Shocked,0,0,Mer de Rubis (Kojin hostiles),
489,Parting Ways,0,0,Cinématiques de Stormblood,
490,Meteor,0,0,Cinématiques de Stormblood (Zenos),
491,Riot,0,0,La Crique aux tributs (Susano) phase 2,
492,At Both Ends,0,0,La Crique aux tributs (Susano) phase 3,
493,Riot,0,0,Monture de La Crique aux tributs (extrême) (Susano) / Kamuy De La Splendeur,
494,Beauty's Wicked Wiles,0,0,Monture d'Émanation (extrême) (Lakshmi) / Kamuy De La Grâce,
495,Procedamus in Peace,0,0,L'Étendue de Rhalgr,Joue lorsque l'Étendue de Rhalgr est détruit
496,Wizardly,0,0,Donjon sans ronds,Order Yet Undeciphered (294) en version Chiptune
497,Victory,0,0,Victoire en course de chocobo,
498,Indomitable,0,0,Mer de Rubis (tribu Kojin),
499,Beyond Redemption,0,0,L'Abîme infini de Bahamut (fatal) phase 4,Thème de Primo-Bahamut
500,Rival Wings,0,Birds of Prey,Ailes rivales,
501,Locus,0,0,Ailes rivales,Quand le Manipulateur est piloté
502,Exponential Entropy,0,0,Ailes rivales,Quand le Croiseur-chasseur est piloté
503,Metal - Brute Justice Mode,0,0,Ailes rivales,Quand le Justicier est piloté
504,Far From Home,0,0,La Cité engloutie de Skalla,
505,The Worm's Tail,0,0,Monture du domaine de Shinryu / Kamuy De La Divinité,
506,Trisection,0,0,La Cité royale de Rabanastre,
507,Precipitous Combat,0,0,Boss de la Cité royale de Rabanastre,
508,Ultima's Transformation,0,0,Boss final de la Cité royale de Rabanastre (Argath Thadulfus),
509,Victory,0,0,Après le boss final de la Cité royale de Rabanastre,
510,Save / Load Screen,0,0,Cinématiques de Retour à Ivalice,
511,Character Creation,0,0,Cinématiques de Retour à Ivalice,
512,Protagonist's Theme,0,0,Cinématiques de Retour à Ivalice,
513,Decisive Battle,0,0,La Cité royale de Rabanastre,Vient de FF Tactics
514,Background Story,0,0,Cinématiques de Retour à Ivalice,
515,The Enemy Approaches,0,0,Cinématiques de Retour à Ivalice,
516,Starlit Gateway,0,0,Zones d'évènement saisonnier,La fête des étoiles 2017
517,Forever in Flames,0,0,,"Version courte de ""The Coil Tightens"" (239)"
518,Keepers of the Lock,0,0,Les Marges (tribu Ananta),
519,Iroha,0,0,Sanctuaire Reisen,
520,Siren Song,0,0,Zones d'évènement saisonnier,La fête des demoiselles
521,Answer on High,0,0,La Clairière de Jade (Byakko) / Le Nid des Lamentations (Suzaku) / L'Îlot des Amertumes (Seiryu) phase 1,
522,Todoroki,0,0,La Clairière de Jade (Byakko) phase 2,
523,Amatsu Kaze,0,0,La Clairière de Jade (Byakko) phase 3,
524,Wicked Winds Whisper,0,Magicked Skulls,"Eureka Anemos, Eureka Pagos, Eureka Pyros",
525,No Quarter,0,0,Combat contre un monstre célèbre à Eureka ,
526,Down Where Daemons Dwell,0,0,Le Couvercle des enfers,
527,Unbreakable - Duality,0,0,Le Continuum fractal (brutal),
528,The Phantom Train to Sigmascape,0,0,Cinématique d'ouverture du Sigmastice v1.0 (Train fantôme),
529,The Decisive Battle,0,0,"Sigmastice v1.0 (Train fantôme), Sigmastice v2.0 (Démon Chadarnouk), Sigmastice v3.0 (Gardien)",
530,Dancing Mad - Movement I,0,0,Sigmastice v4.0 (Kefka) phase 1,
531,Dancing Mad - Movement II,0,0,Sigmastice v4.0 (Kefka) phase 2,
532,Dancing Mad - Movement III,0,0,Sigmastice v4.0 (Kefka) phase 3,
533,Dancing Mad - Movement IV,0,0,Sigmastice v4.0 (sadique) (Kefka),
534,"Final, Not Final",0,0,Monture du Deltastice v4.0 (sadique) (Néo-Exdeath) / Force Aérienne,
535,Dancing Mad IV Hushed,0,0,Monture du Sigmastice v4.0 (sadique) (Kefka) / Force Aérienne,
536,Amatsu Kaze,0,0,Monture de la Clairière de Jade (extrême) (Byakko) / Kamuy De L'ouest,
537,Calling,0,0,Eureka,Même fichier que 56
538,Pa-Paya Demastered,0,0,"Mini-jeu Riggy, chasseur de Prœufs",La chasse aux Prœufs 2018
539,Freedom,0,0,Zones d'évènement saisonnier,Besoin d'un nom. Apparemment lié à la Valention
540,Seven Hundred Seventy-Seven Whiskers,0,0,Steppe d'Azim (tribu Namazu),
541,Nightbloom,0,0,"Castrum Fluminis (Tsukuyomi) phase 1, Castrum Fluminis (extrême) (Tsukuyomi) phase 1",
542,Lunacy,0,0,"Castrum Fluminis (Tsukuyomi) phase 2, Castrum Fluminis (extrême) (Tsukuyomi) phase 2",
543,Wayward Daughter,0,0,"Castrum Fluminis (Tsukuyomi) phase 3, Castrum Fluminis (extrême) (Tsukuyomi) phase 3",
544,Fallen Angel (From Astral to Umbral),0,0,La Fantasmagorie d'Ultima (fatal) phase 1 (Garuda),
545,Primal Judgment (From Astral to Umbral),0,0,La Fantasmagorie d'Ultima (fatal) phase 2 (Ifrit),
546,Under the Weight (From Astral to Umbral),0,0,"La Fantasmagorie d'Ultima (fatal) phase 3 (Titan), L'Éveil d'Éden - Inhumation (sadique) phase 3 (Titan)",
547,Ultima (Orchestral Version),0,0,La Fantasmagorie d'Ultima (fatal) phase 5,
548,Savage of the Ancient Forest,0,0,Chasse au Rathalos phase 1,
549,Proof of a Hero - Monster Hunter: World version,0,0,Chasse au Rathalos phase 2,
550,Quest Complete! - Proof of a Hero version,0,0,Après le combat de Chasse au Rathalos,
551,Earth Wind and Water,0,0,Le Compas de l'Hirondelle,
552,Wayward Daughter,0,0,Monture du Castrum Fluminis (extrême) / Kamuy De La Nuit,
553,World Map,0,0,Besoin d'un lieu,Directement de FFT
554,A Chapel,0,0,Besoin d'un lieu,Directement de FFT
555,Ascent,0,0,Avant le 2e boss du Phare de Ridorana (Bélias),Directement de FFXII
556,The Mystery of Giruvegan,0,0,Après le 2e boss du Phare de Ridorana (Bélias),Directement de FFXII
557,Boss Theme,0,0,"Le Phare de Ridorana 1er boss (Famfrit), Le Phare de Ridorana 2e boss (Belias)",Directement de FFXII
558,Apoplexy,0,0,Le Phare de Ridorana 3e boss (Bâtisseur n°7),Directement de FFT
559,Flash of Steel,0,0,Boss final du Phare de Ridorana (Yiazmat),Directement de FFXII
560,Victory,0,0,Après le boss final du Phare de Ridorana (Yiazmat),Directement de FFXII
561,Cornerstone of the New World - Astera,0,0,Cinématiques du crossover avec Monster Hunter: World,"Thème de jour, première moitié de la musique de la BO de MHW"
562,Cornerstone of the New World - Astera,0,0,Cinématiques du crossover avec Monster Hunter: World,"Thème de nuit, seconde moitié de la musique de la BO de MHW"
563,Crown of the Ancient Tree,0,0,Cinématique d'intro du Rathalos (crossover avec Monster Hunter: World),
564,Proof of a Hero - Monster Hunter: World version,0,0,Monture de la Chasse au Rathalos (extrême),
565,Deception,0,0,Monture du Pilier des cieux / Juedi,
566,Crimson Sunrise,0,0,Shirogane (jour),
567,Crimson Sunset,0,0,Shirogane (nuit),
568,Looping in the Deepest Fringes,0,0,Combat à Shirogane,"Tous les ""Looping in the Deepest Fringes"" sont la même musique"
569,???,0,0,La Fantasmagorie d'Ultima (fatal) phase 4,
570,"Wasshoi, Wasshoi!",0,0,Monture Mikoshi,
571,Second Council Meeting - Tension,0,0,Cinématiques du crossover avec Monster Hunter: World,
572,Quest Failed,0,0,Échec de la mission Chasse au Rathalos (extrême),
573,Everywhere and Nowhere,0,0,Cinématiques de Stormblood (Alphastice),
574,A Dream in Flight,0,0,Cinématiques de Stormblood (Alphastice),
575,A Dream in Flight (2nd movement),0,0,Cinématiques de Stormblood (Alphastice),
576,Ending,0,0,Cinématiques de Stormblood (Alphastice),
577,Unspoken,0,0,Cinématiques,Coerthas de la 1.0
578,Inner Recess,0,0,Cinématiques de Stormblood (Oméga),Musique de la 1.0
579,Neverborn,0,0,Cinématiques,
580,"Starlight, Starbright",0,"Starlight, Not Right",Mini-jeu en cinématique à la Theatrhythm,
581,Sunset,0,0,Le Nid des Lamentations (Suzaku) phase 2,DDR
582,Sunrise,0,0,Le Nid des Lamentations (Suzaku) phase 3,
583,A Land Long Dead,0,0,L'Escarre,
584,From Mud,0,0,L'Arboretum Sainte-Mocianne (brutal),
585,Battle,0,0,Alphastice v1.0 (Chaos),Remix du thème de combat de FF1
586,eScape,0,0,Alphastice v3.0 (Oméga),
587,Heartless,0,0,Alphastice v4.0 (Oméga M/F),
588,Sunrise,0,0,Monture du Nid Des Lamentations (Extrême) / Kamuy Du Sud,
589,From the Heavens,0,0,Monture de l'Alphastice v4.0 (sadique) / Oméga,
590,Bedlam's Brink,0,0,Thème de Solus zos Galvus,
591,From the Heavens,0,0,Alphastice v4.0 (sadique) phase 2,
592,The Chase/Crazy Motorcycle,0,0,Monture SLE Fenrir,Directement de FFVII
593,Dangertek,0,0,"Temple sacré d'Uznair, The Feast (Phase de carnage)",
594,0,0,0,,
595,0,0,0,,
596,0,0,0,,
597,0,0,0,,
598,0,0,0,,
599,0,0,0,,
600,0,0,0,,
601,0,0,0,,
602,0,0,0,,
603,0,0,0,,
604,Broken Down,0,0,Cinématiques et événements du crossover avec Final Fantasy XV,
605,Hammerhead,0,0,Cinématiques et événements du crossover avec Final Fantasy XV,"La guitare apparaît à la fin, pas au début comme dans la BO de FFXV"
606,Valse di Fantastica,0,0,Cinématiques et événements du crossover avec Final Fantasy XV,
607,Relax and Reflect,0,0,Cinématiques et événements du crossover avec Final Fantasy XV,
608,Daemons,0,0,Cinématiques et événements du crossover avec Final Fantasy XV,
609,Prayer de LUNA,0,0,Cinématiques et événements du crossover avec Final Fantasy XV,Légèrement différent de la bande originale
610,Safe Haven,0,0,Cinématiques et événements du crossover avec Final Fantasy XV,
611,Veiled in Black,0,0,Cinématiques et événements du crossover avec Final Fantasy XV,
612,Horrors of the Night,0,0,Cinématiques et événements du crossover avec Final Fantasy XV,
613,Apocalypsis Noctis,0,0,Cinématiques et événements du crossover avec Final Fantasy XV,
614,A Quick Pit Stop,0,0,Monture du crossover FFXV / Regalia Type-G,
615,Saint Ajora's Theme,0,0,Cinématique avant le dernier boss du Monastère d'Orbonne (Ultima),Vient de FF Tactics
616,Poachers' Den,0,0,Cinématiques de Retour à Ivalice,Vient de FF Tactics
617,Epilogue,0,0,Cinématiques de Retour à Ivalice,Vient de FF Tactics
618,Staff Credits,0,0,Cinématiques de Retour à Ivalice,Vient de FF Tactics
619,Brave Story,0,0,Cinématiques de Retour à Ivalice,Vient de FF Tactics
620,Alma's Theme,0,0,Cinématiques de Retour à Ivalice,Vient de FF Tactics
621,Intrigue,0,0,Cinématiques de Retour à Ivalice,Vient de FF Tactics
622,Under the Stars,0,0,Avant le 2e boss du Monastère d'Orbonne (Agrias),Vient de FF Tactics
623,Bloody Excrement,0,0,Après le 2e boss du Monastère d'Orbonne (Agrias),Vient de FF Tactics
624,Pressure (No. 1),0,0,Le Monastère d'Orbonne 1er boss (Mustadio),Vient de FF Tactics
625,Antipyretic,0,0,Le Monastère d'Orbonne 2e boss (Agrias),Vient de FF Tactics
626,A Man Consumed,0,0,Le Monastère d'Orbonne 3e boss (Dieu de la Foudre),"""Grotesque Creature"" de Final Fantasy Vagrant Story"
627,Descent,0,0,Le Monastère d'Orbonne boss final (Ultima) phase 2,Vient de FF Tactics
628,Ultima's Perfection,0,0,Le Monastère d'Orbonne boss final (Ultima) phase 3,Vient de FF Tactics
629,Final Struggle / Hall of Worship,0,0,Réussite du boss final du Monastère d'Orbonne (Ultima),"S'ouvre avec ""Final Struggle"", puis passe à ""Hall of Worship"""
630,Nail of the Heavens,0,0,La Grande Mascarade,Musique de la 1.0
631,Imperium,0,0,La Grande Mascarade,
632,The Garden of Ru'Hmet,0,0,L'Arsenal de Baldesion,Directement de FFXI
633,Onslaught,0,0,Combat de boss dans L'Arsenal de Baldesion,Directement de FFXI
634,Turmoil,0,0,Thème du boss final de l'Arsenal de Baldesion (Proto-Ozma),Directement de FFXI
635,From the Dragon's Wake,0,0,Monture de l'Îlot des Amertumes (Extrême) / Kamuy De L'est,
636,Prelude - Long March Home,0,0,Monture Kamuy À Neuf Queues (Kyubi),"Sans le bruit du logo, sans encouragement de la foule"
637,Horizons Calling,0,0,Montures Roues Feu-et-Vent / Tapis Magique / Lièvre Rouge / Nuage Magique Doré,
638,The Merry Wanderer Waltz,0,0,Montures Panda Mystique / Carbuncle Aigue-marine+Citrine+Rubellite / Baleine / Très Gros Minout / Spriggan Porte-pierre / Paon Roi,
639,A Pall Most Murderous,0,0,Les Ténèbres de Ghimlyt,
640,From the Dragon's Wake,0,0,L'Îlot des Amertumes (Seiryu) phase 2,
641,Doman Distractions,0,0,Mahjong domien,
642,Air Force One Victory,0,0,As de l'air,
643,Air Force One Fail,0,0,As de l'air,
644,Battle Theme 1.x,0,0,As de l'air,
645,Revolutions / The Measure of Our Reach,0,0,Crédits de Stormblood 2,
646,Tomorrow and Tomorrow,0,0,Cinématique de l'écran titre de Shadowbringers,
647,Tomorrow and Tomorrow - Reprise,0,0,Cinématiques de Shadowbringers,
648,A Better Tomorrow,0,0,Cinématiques de Shadowbringers,
649,Tears in the Rain,0,0,Cinématiques de Shadowbringers,
650,Dangerous Words,0,0,Cinématiques de Shadowbringers / Zones de Shadowbringers,Peut se jouer dans les zones de Shadowbringers selon la progression dans l'épopée
651,High Treason,0,0,Cinématiques de Shadowbringers / Zones de Shadowbringers / Batailles de quêtes,Peut se jouer dans les zones de Shadowbringers selon la progression dans l'épopée
652,More than Truth,0,0,Cinématiques de Shadowbringers,
653,Paradisaical Predicaments,0,0,Cinématiques de Shadowbringers,
654,Tomorrow and Tomorrow,0,0,Cinématiques de Shadowbringers,Version piano avec de l'écho
655,Tomorrow and Tomorrow,0,0,Cinématiques de Shadowbringers,Version vocale et piano avec de l'écho
656,Vamo' alla Flamenco,0,0,Cinématiques de Shadowbringers (Quêtes danseur),
657,???,0,0,"Quête de barde niveau 80, ""Trouver l'inspiration""",Besoin d'un nom
658,The Lute,0,0,,
659,The Dark Which Illuminates the World,0,0,Cristarium (jour),
660,Knowledge Never Sleeps,0,0,Cristarium (nuit),
661,Indulgence,0,0,Eulmore (jour),
662,Masquerade,0,0,Eulmore (nuit),
663,The Source,0,0,Grand-Lac (jour),
664,"Unchanging, Everchanging",0,0,Grand-Lac (nuit),
665,A World Divided,0,0,Kholusia (jour),
666,The Quick Way,0,0,Kholusia (nuit),
667,Sands of Amber,0,0,Amh Araeng (jour),
668,Sands of Blood,0,0,Amh Araeng (nuit),
669,Fierce and Free,0,0,Il Mheg (jour),
670,The Faerie Ring,0,0,Il Mheg (nuit),
671,Civilizations,0,0,Rak'tika (jour),
672,A Hopeless Race,0,0,Rak'tika (nuit),
673,Full Fathom Five,0,0,La Tempête,
674,Neath Dark Waters,0,0,La Tempête (Amaurote),
675,A Reason to Live,0,0,Lieux de repos de Shadowbringers,
676,No Greater Sorrow,0,0,Lieux de repos de Shadowbringers,
677,Rencounter,0,0,Combat à Grand-Lac,"Tous les ""Rencounter"" sont la même musique"
678,Rencounter,0,0,Combat à Kholusia,"Tous les ""Rencounter"" sont la même musique"
679,Rencounter,0,0,Combat en Amh Araeng,"Tous les ""Rencounter"" sont la même musique"
680,Rencounter,0,0,Combat à Il Mheg,"Tous les ""Rencounter"" sont la même musique"
681,Rencounter,0,0,Combat à Rak'tika,"Tous les ""Rencounter"" sont la même musique"
682,0,0,0,Combat à la Tempête,"Piste vide, mais il semble que FFXIV ait besoin d'avoir des thèmes de combat spécifiques pour chaque zone"
683,What Angel Wakes Me,0,0,La Valse du Monarque (Titania),
684,Insanity,0,0,La Couronne de l'Immaculé (Innocence),
685,Who Brings Shadow,0,0,Le Râle de l'Agonie (Hadès) phase 1,
686,Invincible,0,0,Le Râle de l'Agonie (Hadès) phase 2,
687,To Fire And Sword,0,0,Holminster,
688,Figments,0,0,Dohn Mheg,
689,Unwound,0,0,L'Enchevêtrement des Qitari,
690,Deep Down,0,0,Le Puits de Malikah,
691,In The Belly Of The Beast,0,0,Mont Gulg,
692,Mortal Instants,0,0,Amaurote,
693,Shadows Withal,0,0,Akadaemia Anydre,
694,A Long Fall,0,0,La Macle de Syrcus,
695,Insatiable,0,0,Boss de donjons Shadowbringers,
696,Blue Fields,0,0,Le Grand Vide (inachevé),
697,Force Your Way,0,0,"L'Éveil d'Éden - Résurrection (Primo-Éden), L'Éveil d'Éden - Descente (Marcheuse du néant), Les Accords d'Éden - Iconoclasme (Idole des Ténèbres)",
698,Landslide,0,0,L'Éveil d'Éden - Inhumation (Titan),
699,On Our Fates Alight,0,0,Amaro de relais,
700,What Angel Wakes Me,0,0,Monture de la Valse du Monarque (extrême) (Titania) / Dragon Pixie,(Monture)
701,Insanity,0,0,Monture de La Couronne de l'Immaculé (extrême) (Innocence) / Dragon Immaculé,(Monture)
702,Landslide,0,0,L'Éveil d'Éden - Inhumation (sadique) (Titan) / Aéroglisseur,(Monture)
703,Four-sided Circle,0,0,Monture Pampa Emperador,
704,Four-fold Knowing,0,0,Écran titre de Shadowbringers,
705,Who Brings Shadow / Tomorrow and Tomorrow / Masquerade / High Treason / Knowledge Never Sleeps / The Dark Which Illuminates the World,0,0,Crédits de Shadowbringers,Transitionne directement d'une musique à l'autre
706,Locus (The Primals),0,0,"La Macle de Syrcus, L'Odyssée d'Alexander (fatal) phase 1",
707,Tomorrow and Tomorrow,0,0,Cinématiques de Shadowbringers,Partie 1 de la musique complète
708,Tomorrow and Tomorrow,0,0,Cinématiques de Shadowbringers,Partie 2 de la musique complète
709,Tomorrow and Tomorrow,0,0,Cinématiques de Shadowbringers,Instrumental
710,Shattered,0,0,,"Deuxième channel de 218, musique de combat de la Tour de Syrcus"
711,Pain in Pleasure,0,0,Eulmore,Thème alternatif d'Eulmore (jour)
712,Such as it Is,0,0,Lieux de repos de Shadowbringers,
713,Null BGM,0,0,,Son vide
714,The Darks' Kiss,0,0,,"Deuxième channel de 17, musique de combat des donjons ARR brutaux."
715,On Our Fates Alight,0,0,Amaro de relais,
716,Unmatching Pieces,0,0,Kholusia,Thème alternatif (Déluge de lumière ?)
717,Blinding Indigo,0,0,L'Éveil d'Éden - Déluge (Leviathan),
718,"Starlight, de Chocobo",0,"Starlight, de Chocobo (?)",Mini-jeu en cinématique à la Theatrhythm,Transitionne vers une version jouée faux lorsque le mini-jeu échoue.
719,The Garden's Gates,0,0,Lyhe Mheg,
720,The Mendicant's Relish,0,0,Azurée,
721,Siren Song,0,0,Eulmore (La Ruche),
722,A Fine Air Forbiddeth,0,A Fierce Air Forceth,Onsal Hakair,
723,Metal - Brute Justice Mode (The Primals),0,0,L'Odyssée d'Alexander (fatal) phase 2,
724,Stasis Loop,0,0,L'Odyssée d'Alexander (fatal) phase 2 à 3,Réécriture du passé de A12
725,Rise (The Primals),0,Stasis Loop,L'Odyssée d'Alexander (fatal) phase 3,
726,Moebius (Orchestral Version),0,0,L'Odyssée d'Alexander (fatal) phase 4,
727,The Grand Cosmos,0,0,Le Cosmos coruscant,
728,Invincible,0,0,Monture du Râle de l'Agonie (extrême) (Hadès) / Dragon Ombragé,
729,A Fierce Air Forceth,0,0,Monture Constructeur 07,
730,Starved,0,0,Montures Epimetheus/Menoetius,
731,Imperium,0,0,Monture Morbol,
732,Significance (Nothing),0,0,Exploration solo de la réplique de l'usine désaffectée,
733,City Ruins - Rays of Light,0,0,La réplique de l'usine désaffectée - BO de Nier Automata,
734,Vague Hope,0,0,La réplique de l'usine désaffectée - Zone des quêtes,
735,0,0,0,,
736,Voice of no Return (Guitar),0,0,Besoin d'un lieu,Issu de la collaboration entre FFXIV et NieR
737,Alien Manifestation,0,0,La réplique de l'usine désaffectée,Issu de la collaboration entre FFXIV et NieR
738,Song of the Ancients - Atonement,0,0,"Premier boss de la réplique de l'usine désaffectée (Modèle multiarticulé : commandant), Deuxième boss de la réplique de l'usine désaffectée (Hobbes), Deuxième boss de la tour de la Contingence (Hansel & Gretel)",Issu de la collaboration entre FFXIV et NieR
739,Bipolar Nightmare,0,0,"Troisième boss de la réplique de l'usine désaffectée (Engels), Deuxième boss de la base militaire des Pantins (724P/767P/772P : avec module de vol renforcé)",Issu de la collaboration entre FFXIV et NieR
740,Weight of the World - Prelude Version,0,0,Quatrième boss de la réplique de l'usine désaffectée (9S : avec multipède esclave),Issu de la collaboration entre FFXIV et NieR
741,Crumbling Lies (Front),0,0,Cinématiques de Shadowbringers (collaboration FFXIV x NieR),Issu de la collaboration entre FFXIV et NieR
742,Ami,0,0,Cinématiques Eden/Le Grand Vide (fini),FFVIII
743,Hopl's Dropple,0,0,Rak'tika (tribu Qitari),
744,Gangos,0,0,Gangos,
745,Pa-Paya Demastered,0,0,"Mini-jeu Riggy, chasseur de Prœufs",La chasse aux Prœufs 2020
746,Ultima (The Primals),0,0,Les Nuées de Brandons (Arme Rubis) phase 1,
747,Hearthward,0,0,Azurée,
748,Insatiable (The Primals),0,0,Boss de donjons Shadowbringers,
749,Floundering in the Depths,0,0,Anamnesis Anydre,
750,Twice Stricken,0,0,Les Accords d'Éden - Fulmination (Ramuh),
751,Primal Angel,0,0,"Les Accords d'Éden - Fureur (Garuda & Ifrit, Raktapaksa)",
752,Return to Oblivion,0,0,Les Accords d'Éden - Éclat (Shiva) phase 1,
753,Ultima (The Primals),0,0,Monture des Nuées de Brandons / Dragon Rubis,
754,Twice Stricken,0,0,Monture des Accords d'Éden - Fulmination (Ramuh) / Ramuh,
755,Rise of The White Raven (Orchestral Version),0,0,Les Nuées de Brandons (Arme Rubis) phase 2 / L'Abîme infini de Bahamut (fatal) phase 2 (Nael Deus Darnus),Cette version met davantage en avant les voix
756,Horizons Calling,0,0,Pêche en mer,
757,Holy Consult,0,0,Pêche en mer,
758,When a Tree Falls,0,0,Pêche en mer,
759,A Sundering of Light,0,0,Les Accords d'Éden - Éclat (Shiva) phase des ennemis,
760,Eternal Wind - Shadowbringers,0,0,,
761,Shadowbringers,0,0,"Cinématiques de Shadowbringers (Porteur d'espoir, cinématique 5)",Petite partie de Shadowbringers
762,Tomorrow and Tomorrow,0,0,Cinématiques de Shadowbringers,Musique complète
763,Dawn of a New Era,0,0,Cinématiques de Shadowbringers,
764,Forever at Your Side,0,0,Cinématiques de Shadowbringers,
765,The Isle of Endless Summer,0,0,Les Feux de la Mort en Noscea orientale,
766,Watts's Anvil,0,0,Grand-Lac (tribu Nain),
767,And Love You Shall Find,0,0,Rocasternes,
768,To The Edge,0,0,"Le Trône du Sacrifice phase 1, Le Trône du Sacrifice (extrême) (Guerrier de la Lumière primordial)",
769,Echoes in the Dark,0,0,Le Trône du Sacrifice (Guerrier de la Lumière primordial),Manoeuvre critique 
770,0,0,0,,
771,To The Edge,0,0,Le Trône du Sacrifice (Guerrier de la Lumière primordial),
772,Wind on the Plains,0,Blood on the Wind,Front sud de Bozja,
773,Discord: Imperial (Zodiac Age Version),0,0,Front sud de Bozja (certains affrontements cruciaux),
774,Into the Fortress (Zodiac Age Version),0,0,"Front sud de Bozja (Castrum Lacus Litore entre le premier et deuxième boss, phase des otages)",
775,Battle with an Esper (Zodiac Age Version),0,0,Front sud de Bozja (combat de boss dans le Castrum Lacus Litore),
776,Life and Death (Zodiac Age Version),0,0,Front sud de Bozja (boss final du Castrum Lacus Litore (Dawon & Lyon)),
777,Where All Roads Lead,0,0,La Traversée de Norvrandt,
778,To The Edge,0,0,Monture du Trône du Sacrifice (extrême) / Dragon De La Lumière,
779,Discord: Imperial (Zodiac Age Version),0,0,Montures des coffres verrouillés du Front sud de Bozja  / Gabriel α,
780,Broken Heart,0,0,Besoin d'un lieu,Issu de la collaboration entre FFXIV et NieR
781,City Ruins (Rays of Light) (Instrumental),0,0,Besoin d'un lieu,Issu de la collaboration entre FFXIV et NieR
782,Amusement Park,0,0,Besoin d'un lieu,Issu de la collaboration entre FFXIV et NieR
783,Fortress of Lies,0,0,La base militaire des Pantins ,Issu de la collaboration entre FFXIV et NieR
784,Grandma (Destruction),0,0,"Premier boss de la base militaire des Pantins (813P : avec unité rempart), Boss final de la base militaire des Pantins (Agglomérat de pantins) phase 1",Issu de la collaboration entre FFXIV et NieR
785,End of the Unknown,0,0,Troisième boss de la base militaire des Pantins (905P : avec unité terrestre lourde),Issu de la collaboration entre FFXIV et NieR
786,Torn From the Heavens/The Dark Colossus Destroys All (Medley),0,0,Boss final de la base militaire des Pantins phase 2,Issu de la collaboration entre FFXIV et NieR
787,Unrest (Zodiac Age Version),0,0,Front sud de Bozja,
788,Hearthward,0,0,Monture d'Azurée / Ptéranodon,
789,Heavensward,0,0,"Instance solo ""Souvenir périssable""",
790,Nightbloom,0,0,"Instance solo ""Souvenir périssable""",
791,New Foundations,0,New Foundations (Groundbreaking),Azurée,
792,The Black Wolf Stalks Again,0,0,Castrum Marinum (Arme Émeraude) phase 2,
793,Gogo's Theme,0,0,La Grande Mascarade (31 acte 1),
794,The Sochen Cave Palace (Zodiac Age Version),0,0,Delubrum Reginae,
795,Giving Chase (Zodiac Age Edition),0,0,Combat dans le Delubrum Reginae,
796,The Queen Awakens,0,0,Boss final du Delubrum Reginae (Garde-la-Reine),
797,Shuffle or Boogie,0,0,Tournois Triple Triade,
798,Freshly Glazed Porxie,0,0,L'Atelier abandonné de Matoya,
799,Don't Be Afraid,0,0,"La Promesse d'Éden - Nuée (Nuage de Ténèbres), La Promesse d'Éden - Litanie (Roi de l'Ombre)",
800,The Legendary Beast,0,0,La Promesse d'Éden - Anamorphose (Sabreur de destins),
801,Promises to Keep,0,0,La Promesse d'Éden - Éternité (Promesse d'Éden),
802,The Extreme,0,0,La Promesse d'Éden - Éternité (sadique) (Prêtresse des Ténèbres),
803,The Black Wolf Stalks Again,0,0,Monture du Castrum Marinum (extrême) (Arme Émeraude) / Dragon Émeraude,
804,Promises to Keep,0,0,Monture de la Promesse d'Éden - Éternité (sadique) / Eden,
805,Lunar Whale (Shadowbringers),0,0,Monture du Fanfest 2021 / Baleine Lunaire,"Version XIV de ""Magical Ship"" de FFIV"
806,Treasured Memory,0,0,La Promesse d'Éden - Éternité phase 2,
807,In the Arms of War,0,0,"Le Tillac des Cirrus, Le Tillac des Cirrus (extrême) (Arme Diamant)",
808,Wrath of the Harrier,0,0,Boss final du Dalriada (Batterie d’artillerie Diablo),
809,Skyrise,0,0,Festes à Ishgard ,
810,Seven Flames,0,0,La grande prairie de Paglth'an,
811,In the Arms of War,0,0,Monture du Tillac des Cirrus (extrême) (Arme Diamant) / Dragon Diamant,
812,Exponential Entropy,0,0,Monture Croiseur-chasseur,
813,Four-fold Knowing,0,0,Monture Landerwaffe,
814,Shuffle or Boogie,0,0,Monture des cartes Triple Triade 1-312 / Carte Magique,
815,Torn from the Heavens,0,0,Montures dorées / Mikoshi Doré / Jarre Du Serpent Doré,Version Eorzean Symphony de la piste 36
816,Mourning,0,0,Thème d'ambiance entre les boss de la tour de la Contingence,Issu de la collaboration entre FFXIV et NieR
817,Emil (Despair),0,0,"Thème d'ambiance avant le premier boss de la tour de la Contingence, Premier boss de La tour de la Contingence (Jack)",Issu de la collaboration entre FFXIV et NieR
818,0,0,0,,
819,The Sound of the End,0,0,Troisième boss de la tour de la Contingence (Fille en rouge),Issu de la collaboration entre FFXIV et NieR
820,The Sound of the End: 8bit,0,0,Troisième boss de la tour de la Contingence (Fille en rouge) phase 2,Issu de la collaboration entre FFXIV et NieR. Version chiptune/8-bit
821,Kainé (Final Fantasy Main Theme Version),0,0,Boss final de la tour de la Contingence phase 2,Issu de la collaboration entre FFXIV et NieR
822,Weight of the World,0,0,Cinématiques de Shadowbringers (collaboration FFXIV x NieR),Issu de la collaboration entre FFXIV et NieR. Version instrumentale
823,Voice of no Return,0,0,Cinématiques de Shadowbringers (collaboration FFXIV x NieR),Issu de la collaboration entre FFXIV et NieR
824,The Color of Depression,0,0,Cinématiques de Shadowbringers (collaboration FFXIV x NieR),Issu de la collaboration entre FFXIV et NieR
825,Widespread Illness,0,0,Cinématiques de Shadowbringers (collaboration FFXIV x NieR),Issu de la collaboration entre FFXIV et NieR
826,Possessed by Disease,0,0,Boss final de la tour de la Contingence (Déesse factice),Issu de la collaboration entre FFXIV et NieR
827,Faltering Prayer (Dawn Breeze),0,0,Cinématiques de Shadowbringers (collaboration FFXIV x NieR),Issu de la collaboration entre FFXIV et NieR
828,0,0,0,,Son vide
829,Endwalker,0,0,Endwalker (Bataille de quête),Début intense
830,Flow,0,0,Cinématiques d'Endwalker,
831,Flow (instrumental),0,0,,
832,Each Drop,0,0,,
833,Answers (Piano Version),0,0,Cinématiques d'Endwalker,
834,The Last Stand,0,0,,
835,Heroes Forge Ahead,0,0,,
836,Dynamis,0,0,Cinématiques d'Endwalker,Thème de Météion
837,Spoken without End,0,0,,
838,What Comes of Despair,0,0,Cinématiques d'Endwalker,
839,Shade's Delight,0,0,"Repaire des Lémures, cinématiques d'Endwalker",
840,Home Beyond the Horizon,0,0,Radio à Garlemald,Version étouffée
841,The Tale of the Star,0,0,,
842,Neath Dark Waters (Scions & Sinners),0,0,,
843,Imagination (Duality),0,0,,De Piano Collections FINAL FANTASY XIV par Keiko.
844,Answers,0,0,,
845,The Ewer Brimmeth,0,0,Vieille Sharlayan (jour),
846,The Nautilus Knoweth,0,0,Vieille Sharlayan (nuit),
847,The Day Will Come (Endwalker),0,0,Salon principal (Vieille Sharlayan),
848,Vibrant Voices,0,0,Radz-at-Han (jour),
849,Perfumed Eves,0,0,Radz-at-Han (nuit),
850,Twilit Terraces,0,0,Radz-at-Han (jour),
851,The Labyrinth,0,0,Le Labyrinthos (jour),
852,Dreams of Man,0,0,Le Labyrinthos (nuit),
853,Divine Words,0,0,Thavnair (jour),
854,Prayers Repeated,0,0,Thavnair (nuit),
855,"White Snow, Black Steel",0,0,Garlemald (jour),
856,"Black Steel, Cold Embers",0,0,Garlemald (nuit),
857,One Small Step,0,0,Mare Lamentorum (jour),
858,Sky Unsundered,0,0,Elpis (jour),
859,Stars Long Dead,0,0,Elpis (nuit),
860,Echoes in the Distance,0,0,Étape 1 de l'épopée à Ultima Thule,Version étouffée et instrumentale
861,Close in the Distance (Instrumental),0,0,Étape 2 de l'épopée à Ultima Thule,
862,Close in the Distance,0,0,Étape 3 de l'épopée à Ultima Thule,
863,Those We Can Yet Save,0,0,Lieux de repos d'Endwalker,
864,Welcome to Our Town! (Endwalker),0,0,Halot de Bestway,Nouvelle version de la musique de FFIV
865,Unbowed,0,0,Combat au Labyrinthos,"Tous les ""Unbowed"" sont la même musique"
866,Unbowed,0,0,Combat à Thavnair,"Tous les ""Unbowed"" sont la même musique"
867,Unbowed,0,0,Combat à Garlemald,"Tous les ""Unbowed"" sont la même musique"
868,Unbowed,0,0,Combat à Elpis,"Tous les ""Unbowed"" sont la même musique"
869,Battle 1 from FINAL FANTASY IV,0,0,"Combat à Mare Lamentorum (Carrotorium, La Garenne sempervirente)",Directly from FFIV
870,Endcaller,0,0,Le Cratère des Martyrs / Le Cratère des Martyrs (extrême) (Zodiark),
871,Your Answer,0,0,Le Cristal-mère / Le Cristal-mère (extrême) (Hydaelyn),
872,The Final Day,0,0,Le Répons final (Chantre de l'anéantissement) phase 1,
873,With Hearts Aligned,0,0,Le Répons final (Chantre de l'anéantissement) phase 2,"Début intense comme 829, sans voix masculines."
874,Tower of Zot (Endwalker),0,0,La tour de Zott,Nouvelle version de la musique de FFIV
875,Garlemald Express,0,0,La tour de Babil,
876,As the Sky Burns,0,0,Vanaspati,
877,Miracle Works,0,0,L'Hyperborée,
878,The Aetherial Sea,0,0,Le Prisme de l'Aitia,
879,Of Countless Stars,0,0,L'Issue aux Impasses,
880,Carrots of Happiness,0,0,Risette-sur-lune,
881,eScape (Journeys Version),0,0,Rêve électrique de Stigma-4,
882,On Blade's Edge,0,0,Boss de donjons Endwalker,
883,Finality,0,0,Boss de fin de donjons Endwalker,
884,Where Dæmons Abide,0,0,Limbes du Pandæmonium - Parvis,
885,Ancient Shackles,0,0,"Les Limbes du Pandæmonium - Parvis (Érichthonios), Les Limbes du Pandæmonium - Cloaque (Hippokampos),  Les Limbes du Pandæmonium - Fournaise (Protophénix)",
886,Hic Svnt Leones,0,0,Les Limbes du Pandæmonium - Abîme (Hespéros),
887,Prelude - Tales,0,0,Écran titre d'Endwalker,
888,???,0,0,Crédits d'Endwalker,Medley de 38 minutes de musiques d'ARR à EW.
889,Endcaller,0,0,Monture du Cratère des Martyrs (extrême) (Zodiark) / Lynx Des Ténèbres Éternelles,
890,Your Answer,0,0,Monture du Cristal-mère (extrême) (Hydaelyn) / Lynx De La Lumière Divine,
891,Hic Svnt Leones,0,0,Monture des Limbes du Pandæmonium - Abîme (Hespéros) / Demi-protophénix,
892,Roads Less Traveled,0,0,Montures d'Endwalker,
893,Tremble,0,0,,
894,Home Beyond the Horizon,0,0,Radio à Garlemald,
895,Roads Less Traveled,0,0,,Identique à 892
896,Endwalker - Footfalls (Instrumental),0,0,,"Version courte, seulement 1:27"
897,From Below,0,0,Le Labyrinthos (épopée),
898,Answers,0,0,Cinématiques d'Endwalker,"Version jouée par un groupe, 238 sans l'intro"
899,Flow Together,0,0,Le défi de l'ancienne Azem (Bataille de quête),Version jouée par un groupe
900,Down the Up Staircase,0,0,Lieux de repos du Labyrinthos,Pas de différence par rapport à la version standard
901,Defender of the Realm,0,0,,
902,Endwalker (short),0,0,,
903,A Gentleman to Walk with Me,0,0,,
904,Somewhere in the World (Ambitions Writhe),0,0,Cinématiques d'Endwalker (Monde des ténèbres/Treizième reflet),
905,Ink Long Dry (Piano Collections),0,0,Archives interdites du Noumène,
906,Hippo Ridin',0,0,Thavnair (tribu Arkasodara),
907,Revenge Twofold (Orchestral Version),0,0,La Guerre du chant des dragons (fatal) phase 7 (Thordan le Dieu Dragon),
908,Warming Up,0,0,Crystalline Conflict,Avant le début du match
909,Festival of the Hunt (Endwalker),0,0,Crystalline Conflict,Pendant le match
910,Run! (Endwalker),0,0,Crystalline Conflict,Temps supplémentaire
911,The Map Unfolds,0,0,Le legs d'Alzadaal,
912,One Among Wonders,0,0,Omphalos,
913,Pilgrimage,0,0,Domaine divin - Aglaé,
914,Radiance,0,0,Premier boss du Domaine divin - Aglaé (Byregot) / Deuxième boss du Domaine divin - Aglaé (Rhalgr) / Troisième boss Domaine divin - Aglaé (Azeyma),
915,In the Balance,0,0,Boss final du Domaine divin - Aglaé (Nald'thal),
916,0,0,0,,
917,The Final Day,0,0,Monture du Répons final (extrême) / Lynx Au Pelage Bleu,
918,Thus Spoke Master PuPu,0,0,,
919,Weight of the World (Prelude Version),0,0,Monture Pod 602,
920,The Heavens' Ward,0,0,"La Guerre du chant des dragons (fatal) phase 1 (Sire Charibert, Sire Adelphel, Sire Grinnaux)",
921,Heroes,0,0,La Guerre du chant des dragons (fatal) phase 2 (Roi Thordan),
922,Freefall,0,0,"La Guerre du chant des dragons (fatal) phase 3 (Niddhogg, forme d'Estinien)",
923,Contention,0,0,La Guerre du chant des dragons (fatal) phase 3 (phase des yeux),
924,Hallowed Halls,0,0,La Guerre du chant des dragons (fatal) (introduction revisitée),
925,Heavensward,0,0,"La Guerre du chant des dragons (fatal) phase 5 (Roi Thordan, timeline alternative)",
926,Dragonsong,0,0,La Guerre du chant des dragons (fatal) phase 6 (Nidhogg and Hraesvelgr),
927,Primogenitor,0,0,La Guerre du chant des dragons (fatal) phase 4 (phase des yeux) cinématique d'enrage,
928,Sorrow and Loss (Endwalker),0,0,Territoire de Zero,
929,Cradle of Hope,0,0,Ultima Thule (tribu Omicron),
930,Battle with the Four Fiends (Buried Memory),0,0,La Toison des tempêtes / La Toison des tempêtes (extrême) (Barbariccia),
931,A Quiet Moment,0,0,Hutte placide de la Félicité insulaire,
932,Island Paradise,0,0,Félicité insulaire,
933,Troian Beauty (Endwalker),0,0,Le Château de Troïa,
934,FINAL FANTASY IV Battle 2 (Endwalker),0,0,"Boss final du Château de Troïa (Scarmiglione), Boss final du Lapis Manalis (Cagnazzo)",
935,To the Sun (Piano Collections),0,0,Les canalisations sildiennes,
936,Desert Sun,0,0,Les canalisations sildiennes - donjon alternatif / Les canalisations sildiennes - donjon alternatif (sadique),
937,Silent Scream,0,0,Le Purgatoire du Pandæmonium - Cages (Proto-Carbuncle),
938,Scream,0,0,"Le Purgatoire du Pandæmonium - Croisements (Hégémone), Le Purgatoire du Pandæmonium - Racines (Agdistis)",
939,Embers,0,0,Le Purgatoire du Pandæmonium - Hérédité (Héphaïstos) phase 1,
940,White Stone Black,0,0,Le Purgatoire du Pandæmonium - Hérédité (sadique) (Héphaïstos) phase 2,
941,Battle with the Four Fiends (Buried Memory),0,0,Monture de la Toison des tempêtes (extrême) (Barbariccia) / Lynx Des Vents Tempétueux,
942,White Stone Black,0,0,Monture du Purgatoire du Pandæmonium - Hérédité (sadique) (Héphaïstos) / Bête En Flammes,
943,Island Paradise,0,0,Montures Mandragore Insulaire / Prince Oignon Insulaire / Chevalier Aubergine Insulaire,
944,To the Sun (Piano Collections),0,0,Monture Silkie,
945,Desert Sun,0,0,Monture Trône Sildien,
946,Inexorable,0,0,,
947,Polygons of Inquiry,0,0,,
948,Dreamwalker,0,0,Tribu Loporrite,
949,Forged in Crimson,0,0,Le Mont du Supplice (Rubicante) / Le Mont du Supplice (extrême) (Rubicante),
950,From The Heavens (Orchestral Version),0,0,Le Protocole Oméga (fatal) phase 3 (Oméga),
951,Torn from the Heavens (Orchestral Version),0,0,Le Protocole Oméga (fatal) phase 6 (Alpha-Oméga),
952,Deep Blue,0,0,Lapis Manalis,
953,Forbidden Land (Endwalker),0,0,Eurêka Orthos,
954,Equilibrium (Pulse),0,0,Eurêka Orthos,
955,Oblivion (Pulse),0,0,Eurêka Orthos,
956,A Long Fall (Pulse),0,0,Eurêka Orthos,
957,Neath Dark Waters (Pulse),0,0,Eurêka Orthos,
958,Favor,0,0,Domaine divin - Euphrosyne,
959,Rhythm of the Realm,0,0,"Premier boss du Domaine divin - Euphrosyne (Nophica), Deuxième boss du Domaine divin - Euphrosyne (Althyk & Nymeia), Troisième boss du Domaine divin - Euphrosyne (Halone)",
960,Dedicated to Moonlight,0,0,Boss final du Domaine divin - Euphrosyne (Menphina),
961,Forged in Crimson,0,0,Monture du Mont du Supplice (extrême) (Rubicante) / Lynx Du Brasier Flamboyant,
962,Deltascape,0,0,Le Protocole Oméga (fatal) phase 1 (Oméga),
963,Heartless,0,0,Le Protocole Oméga (fatal) phase 2 (Oméga M + Oméga F),
964,eScape,0,0,Le Protocole Oméga (fatal) phase 5 (Oméga M + Oméga F),
965,Another Moon,0,0,Endwalker Thirteenth's Moon theme,0
966,Voidcast Savior,0,0,La Chaire de l'Exilée (Golbez),0
967,Battle 2 from FINAL FANTASY III,0,0,0,0
968,Subterranean Sanctuary,0,0,0,0
969,The Land Reborn,0,0,Kupo Kupo Adventure (the Rising 2023 minigame) level theme,0
970,Pom from the Heavens,0,0,Kupo Kupo Adventure (the Rising 2023 minigame) boss theme,0
971,Starsbreath,0,0,L'île de Haam,0
972,Crimson Sunset,0,0,Mount Rokkon,0
973,Storm of Blood,0,0,Mount Rokkon final boss (),0
974,Crimson Rise,0,0,Another Mount Rokkon,0
975,One Amongst the Weary,0,0,Le Paradis du Pandæmonium - Métempsycose / Le Paradis du Pandæmonium - Métempsycose (sadique) (Cocyte) / Le Paradis du Pandæmonium - Monochrome / Le Paradis du Pandæmonium - Monochrome (sadique) (Pandæmonium),0
976,Fleeting Moment,0,0,Le Paradis du Pandæmonium - Tribunal / Le Paradis du Pandæmonium - Tribunal (sadique) (Thémis),0
977,"Athena, the Tireless One",0,0,Le Paradis du Pandæmonium - Apothéose / Le Paradis du Pandæmonium - Apothéose (sadique) (Athéna),0
978,Ultima's Perfection (Endwalker),0,0,Le Paradis du Pandæmonium - Apothéose phase 2 / Le Paradis du Pandæmonium - Apothéose (sadique) phase 2 (Athéna),0
979,Voidcast Savior,0,0,Monture de la Chaire de l'Exilée (Golbez) / Lynx De L'obscurité Éternelle,0
980,"Athena, the Tireless One",0,0,Monture du Paradis du Pandæmonium - Apothéose (sadique) / Mégalo-ambystoma,0
981,Crimson Sunset,0,0,Burabura Chochin / Mount Rokkon mount,0
982,Crimson Rise,0,0,Shishioji / Another Mount Rokkon mount,0
983,The Land Reborn,0,0,Kupo Kupo Adventure - Title Screen,0
984,Pom from the Heavens,0,0,Kupo Kupo Adventure - Gameplay,0
985,Dreams Aloft,0,0,Monture Garlond GL-IS,0
986,A Gentleman to Walk with Me,0,0,Somehow Further Hildibrand Adventures ending,0
987,FINAL FANTASY IV: The Final Battle (Endwalker),0,0,The Abyssal Fracture (Zeromus) phase 1,0
988,The Red Wings (Endwalker),0,0,The Abyssal Fracture (Zeromus) phase 2,0
989,Kingdom of Baron (Endwalker),0,0,The Lunar Subterrane,0
990,"O Speaker, Slumber",0,0,0,0
991,"O Hunter, Rejoice",0,0,0,0
992,Fair Winds to Guide,0,0,Thaleia between bosses,0
993,Course Uncharted,0,0,"Thaleia Boss 1 (Thaliak), Boss 2 (Llymlaen), Boss 3 (Oschon)",0
994,Myths of the Realm,0,0,Thaleia final boss (Eulogia),0
995,FINAL FANTASY IV: The Final Battle (Endwalker),0,0,Lynx of Abyssal Grief mount / The Abyssal Fracture (Zeromus) mount,0
996,"O Speaker, Slumber",0,0,0,0
997,"O Hunter, Rejoice",0,0,0,0
998,Prelude - Tales,0,0,Apocryphal Bahamut / all Lynx mount,0
999,Endwalker - Footfalls/Vibrant Voices/Troian Beauty (Endwalker)/Forged in Crimson/Another Moon/???/The Ewer Brimmeth,0,0,Patch 6.56 credits,
1000,0,0,0,0,
20000,0,0,0,0,
20001,Tonitrua ex Machina,0,0,FFXVI Crossover,
20002,Idylls of the Empire,0,0,FFXVI Crossover,
20003,Forevermore - The Grand Duchy of Rosaria,0,0,FFXVI Crossover,
20004,Before the Storm - Caer Norvent,0,0,FFXVI Crossover,
20005,The State of the Realm,0,0,FFXVI Crossover,
20006,Who I Really Am,0,0,FFXVI Crossover,
20007,Away (Refrain),0,0,FFXVI Crossover,
20008,To Sail Forbidden Seas,0,0,FFXVI Crossover,
20009,Find the Flame,0,0,FFXVI Crossover,
20010,Land of Eikons,0,0,FFXVI Crossover,
20011,Find the Flame,0,0,Torgal / FFXVI Crossover Mount,
20012,Everybody Falls (Fall Guys Theme),0,0,0,
20013,Sir Falls-A-Lot (William Fell),0,0,0,
20014,Fall 'N' Roll,0,0,0,
20015,Clumsy Shuffle,0,0,0,
20016,Fall for the Queen Bean,0,0,0,
20017,Final Fall,0,0,0,
20018,???,0,0,Commonly called 'Loading',
20019,???,0,0,Commonly called 'Round Introduction',
20020,Didn't Fall! (You Win),0,0,0,
20021,Everybody Falls (Fall Guys Theme),0,0,0,
20022,0,0,0,0,
20023,Dawntrail,0,0,0,
20024,Dawntrail,0,0,Instrumental,
20025,Smile,0,0,0,
20026,???,0,0,0,
20027,???,0,0,0,
20028,???,0,0,0,
20029,???,0,0,0,
20030,???,0,0,0,
20031,???,0,0,0,
20032,???,0,0,0,
20033,???,0,0,0,
20034,???,0,0,0,
20035,???,0,0,0,
20036,???,0,0,0,
20037,???,0,0,0,
20038,???,0,0,0,
20039,???,0,0,0,
20040,???,0,0,0,
20041,Swords of Fury (FFIX),0,0,Living Memory cutscenes,
20042,???,0,0,0,
20043,Something to Protect (FFIX),0,0,Living Memory cutscenes,
20044,???,0,0,0,
20045,Morrow's Might,0,0,Tuliyollal Day,
20046,???,0,0,Tuliyollal Night,
20047,Starless Skyline,0,0,Solution Nine Day and Night,
20048,Windswept Echoes,0,0,Urqopacha Day,
20049,???,0,0,Urqopacha Night,
20050,Of Glittering Wings,0,0,Kozama'uka Day,
20051,???,0,0,Kozama'uka Night,
20052,Emerald under Sapphire,0,0,Yak T'el Day,
20053,???,0,0,Yak T'el Night,
20054,Ceruleum Smoke at High Noon,0,0,Shaaloani Day,
20055,???,0,0,Shaaloani Night,
20056,Flash in the Dark,0,0,Heritage Found Day,
20057,???,0,0,Heritage Found Night,
20058,Bygone Serenity,0,0,Living Memory (during MSQ),
20059,Bygone Serenity,0,0,"Living Memory (post-MSQ, faded/distant version)",
20060,???,0,0,Earthen Sky Hideout,
20061,???,0,0,The Backroom,
20062,Pastoral Pleasures,0,0,Kozama'uka & Urqopacha sanctuaries,
20063,Life Bound by Honor,0,0,Yok Tural sanctuaries,
20064,Desertwalkers,0,0,Xak Tural sanctuaries (excl Heritage Found 1st aetheryte),
20065,Blade's Exaltation,0,0,Urqopacha battle,
20066,Blade's Exaltation,0,0,Kozama'uka battle,
20067,Blade's Exaltation,0,0,Yak T'el battle,
20068,Blade's Exaltation,0,0,Shaaloani battle,
20069,Blade's Exaltation,0,0,Heritage Found battle,
20070,???,0,0,0,
20071,???,0,0,0,
20072,The Skyruin,0,0,Worqor Lar Dor / Worqor Lar Dor Extreme (Valigarmanda),
20073,Seeking Purpose,0,0,Everkeep / Everkeep Extreme (Zoraal Ja),
20074,???,0,0,The Interphos (Queen Eternal) phase 1,
20075,???,0,0,The Interphos (Queen Eternal) phase 2,
20076,Punutiy Crossing,0,0,Ihuykatumu,
20077,Empyrean Peak,0,0,Worqor Zormor,
20078,Lost in the Deep,0,0,The Skydeep Cenote,
20079,In Fulgur and Fire,0,0,Vanguard,
20080,Anatomy of Existence,0,0,Origenics,
20081,A Trail Unending,0,0,Alexandria,
20082,Blessings on the Bluffs,0,0,Tender Valley,
20083,Court Jesters (Dawntrail),0,0,The Strayborough Deadwalk,
20084,Roads Forsaken,0,0,Dawntrail dungeon bosses,
20085,Pathmaker,0,0,Dawntrail final dungeon boss,
20086,???,0,0,0,
20087,???,0,0,End Credits,
20088,???,0,0,0,
20089,It's Showtime!,0,0,0,
20090,Bee My Honey,0,0,0,
20091,Burning Souls,0,0,0,
20092,Give It All,0,0,0,
20093,A Risky Bet,0,0,0,
20094,???,0,0,0,
20095,The Skyruin,0,0,Wings of Ruin mount / Worqor Lar Dor Extreme (Valigarmanda) mount,
20096,Seeking Purpose,0,0,Wings of Resolve mount / Everkeep Extreme (Zoraal Ja) mount,
20097,Battle 1 from FINAL FANTASY IX,0,0,Ark Mount,
20098,Give It All,0,0,0,
20099,0,0,0,0,
20100,???,0,0,0,
20101,???,0,0,"Mascot March, Mascot Mayhem, and Mascot Murder FATEs / Mica the Magical Mu",
20102,???,0,0,0,
20103,???,0,0,0,
20104,0,0,0,0,
20105,0,0,0,0,
20106,0,0,0,0,
20107,0,0,0,0,
20108,0,0,0,0,
20109,0,0,0,0,
20110,0,0,0,0,
20111,0,0,0,0,
20112,0,0,0,0,
20113,0,0,0,0,
20114,0,0,0,0,
20115,0,0,0,0,
20116,0,0,0,0,
20117,0,0,0,0,
20118,0,0,0,0,
20119,0,0,0,0,
20120,0,0,0,0,
20121,0,0,0,0,
20122,0,0,0,0,
20123,0,0,0,0,
20124,0,0,0,0,
20125,0,0,0,0,
20126,0,0,0,0,
20127,0,0,0,0,
20128,0,0,0,0,
20129,0,0,0,0,
20130,0,0,0,0,
20131,0,0,0,0,
20132,0,0,0,0,
20133,0,0,0,0,
20134,0,0,0,0,
20135,0,0,0,0,
20136,0,0,0,0,
20137,0,0,0,0,
20138,0,0,0,0,
20139,0,0,0,0,
20140,0,0,0,0,
20141,0,0,0,0,
20142,0,0,0,0,
20143,0,0,0,0,
20144,0,0,0,0,
20145,0,0,0,0,
20146,0,0,0,0,
20147,0,0,0,0,
